{"cameraMode":{"drawMode":0,"name":"Shaded","section":"Shading Mode"},"sceneLighting":true,"audioPlay":false,"sceneViewState":{"m_AlwaysRefresh":false,"showFog":true,"showSkybox":true,"showFlares":true,"showImageEffects":true,"showParticleSystems":true,"showVisualEffectGraphs":true,"m_FxEnabled":true},"in2DMode":false,"pivot":{"x":1.3888587951660157,"y":-1.9062745571136475,"z":3.9048972129821779},"rotation":{"x":-0.49743491411209109,"y":0.021335067227482797,"z":-0.012235372327268124,"w":-0.8671582341194153},"size":5.571671485900879,"orthographic":false}