{"cameraMode":{"drawMode":0,"name":"Shaded","section":"Shading Mode"},"sceneLighting":true,"audioPlay":false,"sceneViewState":{"m_AlwaysRefresh":false,"showFog":true,"showSkybox":true,"showFlares":true,"showImageEffects":true,"showParticleSystems":true,"showVisualEffectGraphs":true,"m_FxEnabled":true},"in2DMode":false,"pivot":{"x":0.3036538362503052,"y":1.0518882274627686,"z":0.6849842071533203},"rotation":{"x":-0.2317669838666916,"y":0.05744872987270355,"z":-0.013713067397475243,"w":-0.970980167388916},"size":1.5920283794403077,"orthographic":false}