{"cameraMode":{"drawMode":0,"name":"Shaded","section":"Shading Mode"},"sceneLighting":true,"audioPlay":false,"sceneViewState":{"m_AlwaysRefresh":false,"showFog":true,"showSkybox":true,"showFlares":true,"showImageEffects":true,"showParticleSystems":true,"showVisualEffectGraphs":true,"m_FxEnabled":true},"in2DMode":false,"pivot":{"x":-0.41960209608078005,"y":-0.3285941481590271,"z":3.481133460998535},"rotation":{"x":-0.0811069905757904,"y":-0.053202610462903979,"z":0.004324013367295265,"w":-0.9952922463417053},"size":2.880897283554077,"orthographic":false}