{"cameraMode":{"drawMode":0,"name":"Shaded","section":"Shading Mode"},"sceneLighting":true,"audioPlay":false,"sceneViewState":{"m_AlwaysRefresh":false,"showFog":true,"showSkybox":true,"showFlares":true,"showImageEffects":true,"showParticleSystems":true,"showVisualEffectGraphs":true,"m_FxEnabled":true},"in2DMode":false,"pivot":{"x":0.8354793190956116,"y":2.0172550678253176,"z":-2.456477642059326},"rotation":{"x":-0.30939507484436037,"y":0.06469029188156128,"z":-0.021101364865899087,"w":-0.948503851890564},"size":0.7470776438713074,"orthographic":false}