{"cameraMode":{"drawMode":0,"name":"Shaded","section":"Shading Mode"},"sceneLighting":true,"audioPlay":false,"sceneViewState":{"m_AlwaysRefresh":false,"showFog":true,"showSkybox":true,"showFlares":true,"showImageEffects":true,"showParticleSystems":true,"showVisualEffectGraphs":true,"m_FxEnabled":true},"in2DMode":false,"pivot":{"x":-0.31634628772735598,"y":0.3690221309661865,"z":0.9084081649780273},"rotation":{"x":-0.2937663793563843,"y":-0.6745043992996216,"z":0.3373912274837494,"w":-0.5872966051101685},"size":1.9675424098968506,"orthographic":false}