{"cameraMode":{"drawMode":0,"name":"Shaded","section":"Shading Mode"},"sceneLighting":true,"audioPlay":false,"sceneViewState":{"m_AlwaysRefresh":false,"showFog":true,"showSkybox":false,"showFlares":true,"showImageEffects":true,"showParticleSystems":true,"showVisualEffectGraphs":true,"m_FxEnabled":true},"in2DMode":false,"pivot":{"x":-4.7562947273254398,"y":8.225804328918457,"z":6.423685550689697},"rotation":{"x":-0.0811069905757904,"y":-0.053202610462903979,"z":0.004324013367295265,"w":-0.9952922463417053},"size":26.441131591796876,"orthographic":false}