{"cameraMode":{"drawMode":0,"name":"Shaded","section":"Shading Mode"},"sceneLighting":false,"audioPlay":false,"sceneViewState":{"m_AlwaysRefresh":false,"showFog":true,"showSkybox":false,"showFlares":true,"showImageEffects":true,"showParticleSystems":true,"showVisualEffectGraphs":true,"m_FxEnabled":true},"in2DMode":false,"pivot":{"x":-0.3660847544670105,"y":-0.1709204912185669,"z":-0.13826978206634522},"rotation":{"x":-0.3649192750453949,"y":-0.034347403794527057,"z":0.013470703735947609,"w":-0.930314302444458},"size":0.808941125869751,"orthographic":false}