{"cameraMode":{"drawMode":0,"name":"Shaded","section":"Shading Mode"},"sceneLighting":true,"audioPlay":false,"sceneViewState":{"showFog":true,"showMaterialUpdate":false,"showSkybox":true,"showFlares":true,"showImageEffects":true,"showParticleSystems":true},"in2DMode":false,"pivot":{"x":-0.4737430810928345,"y":-15.606319427490235,"z":21.82586097717285},"rotation":{"x":0.32285237312316897,"y":-0.019874682649970056,"z":0.006794413086026907,"w":0.9462425112724304},"size":15.431509017944336,"orthographic":false}