{"cameraMode":{"drawMode":0,"name":"Shaded","section":"Shading Mode"},"sceneLighting":false,"audioPlay":false,"sceneViewState":{"showFog":true,"showMaterialUpdate":false,"showSkybox":false,"showFlares":true,"showImageEffects":true,"showParticleSystems":true},"in2DMode":false,"pivot":{"x":-0.2641639709472656,"y":0.21572303771972657,"z":0.11827754974365235},"rotation":{"x":0.0748949721455574,"y":0.095579132437706,"z":-0.007193918339908123,"w":0.9925899505615234},"size":0.7088723182678223,"orthographic":false}