{"cameraMode":{"drawMode":0,"name":"Shaded","section":"Shading Mode"},"sceneLighting":true,"audioPlay":false,"sceneViewState":{"showFog":true,"showMaterialUpdate":false,"showSkybox":true,"showFlares":true,"showImageEffects":true,"showParticleSystems":true},"in2DMode":false,"pivot":{"x":0.7357561588287354,"y":3.6582882404327394,"z":6.101985931396484},"rotation":{"x":0.09433429688215256,"y":-0.0835299864411354,"z":0.007952244020998478,"w":0.9920182228088379},"size":4.608872413635254,"orthographic":false}