{"cameraMode":{"drawMode":0,"name":"Shaded","section":"Shading Mode"},"sceneLighting":false,"audioPlay":false,"sceneViewState":{"showFog":true,"showMaterialUpdate":false,"showSkybox":false,"showFlares":true,"showImageEffects":true,"showParticleSystems":true},"in2DMode":false,"pivot":{"x":0.3050000071525574,"y":0.5,"z":0.9300000071525574},"rotation":{"x":0.2433428019285202,"y":0.12182944267988205,"z":-0.030808407813310624,"w":0.9617825746536255},"size":0.7470776438713074,"orthographic":false}